1011a5ab,__k1767
1019d185,__k2148
1033783b,__k672
104c775e,__k1937
1051b86f,__k975
105e591a,__k2389
10667fa1,__k366
1095428b,__k852
10d5ad4c,__k59
10ee0d54,__k1207
10fe41d1,__k1044
11082587,__k1114
110fdfe4,__k334
111e1722,__k628
1127fad8,__k110
1151d4e3,__k1558
1169efd7,__k1734
1171aa34,__k554
117fe172,__k808
1181deb1,__k713
118bc267,__k647
11a2dbda,__k2554
11ae8ec9,__k3389
11c04c33,__k85
121c3a0e,__k3328
1268aeff,__k4038
12815623,__k269
129a2772,__k1407
12b18803,__k2674
12b43fa5,__k1310
12d05680,__k965
12e32073,__k449
130890d1,__k6005
133ec17b,__k2995
1359eacd,__k2324
135e0175,__k2805
136bf50a,__k291
138cf233,__k2054
13f2719e,__k1432
13fcae29,__k4058
1411060f,__k3026
14120388,__k3528
141fbdf2,__k4260
142c6ec0,__k2152
1453125b,__k737
146c2ac8,__k873
149ba075,__k4177
14aedbb,__k210
14fff434,__k271
154794f8,__k653
1555660,__k4239
1561be84,__k451
157bd6b7,__k162
1584b8ec,__k2105
159c4919,__k1927
15e6833c,__k2765
164e5aaa,__k394
16bbbed1,__k1031
16eaaf8f,__k1868
16f9d456,__k930
17276cd7,__k1789
173d5e72,__k897
177984ed,__k2401
178e0a73,__k3202
17940fd2,__k1832
17d18b34,__k6174
17d25741,__k5365
17dd4c7c,__k2538
17dfd065,__k4810
1829fa98,__k756
1833de4e,__k682
1855ec96,__k2125
1857a472,__k1472
1859a1b1,__k1189
1865214d,__k2719
188dd380,__k910
18b7b6e6,__k2745
18b8e1,__k410
18d6dc71,__k256
18ebf8a5,__k2658
1911c85d,__k36
1938a6c1,__k476
193a5ce2,__k1029
19408b7d,__k2179
19424359,__k1448
197209c0,__k3717
1994086a,__k3607
199c2732,__k1649
19c820bb,__k5965
19d6978c,__k2682
19e1098b,__k122
19e34a0d,__k5394
19f024f8,__k1993
19fc6744,__k68
1a0bea6a,__k2279
1aa660c,__k3744
1aabd321,__k1174
1ab27c5f,__k698
1abd7134,__k204
1acb80b,__k430
1acba872,__k178
1ae28039,__k3899
1aff6633,__k1208
1b1f3b84,__k424
1b2f7001,__k623
1b3953b7,__k117
1b517e49,__k2180
1b913a51,__k803
1baabe2,__k3496
1bcec88,__k635
1bf1f161,__k5206
1c0bd7aa,__k303
1c0d5a10,__k91
1c3886,__k97
1c653c14,__k3623
1c6d03e,__k105
1c6da1fa,__k563
1cea959c,__k598
1d25397b,__k827
1d981c77,__k1121
1db7f1c8,__k103
1dda0010,__k2062
1df9e6c7,__k1701
1e00a3ab,__k607
1e01a124,__k547
1e55e293,__k2371
1e6b5030,__k2880
1e7d83a7,__k874
1eb7ace3,__k2951
1ecc6aba,__k1515
1edd0b54,__k327
1f324a3c,__k2035
1f396a76,__k3096
1f51856a,__k3672
1f58edd7,__k654
1f6933ad,__k582
1f74cd84,__k1005
1f8de5f1,__k1721
1f94148c,__k2615
1f97c9a7,__k1459
1fd697d4,__k1665
1fedf865,__k2816
200f97a,__k2280
2036d7e6,__k44
205db64a,__k484
205f6c6b,__k1059
20695021,__k1101
20819b4,__k3645
209d81f0,__k998
209ffd39,__k3802
20a0fcff,__k3053
20b2ff7d,__k1545
2107f9a,__k549
21117f32,__k4457
212acb58,__k1359
2130f9f3,__k2209
2141a122,__k1902
2178021a,__k5494
218addcc,__k2408
21d78be8,__k666
21eb6d8,__k815
21ef6375,__k3730
21f5cc1c,__k943
21f99a30,__k2145
21fe1b58,__k4396
2207ff0e,__k4242
2222b914,__k3696
22395638,__k846
226c9676,__k2828
22767a2c,__k2710
22900798,__k1801
229f2c5f,__k917
22e7ee32,__k1119
2307f4a,__k2442
2349b882,__k1739
234bb5c1,__k1022
23539c38,__k1441
2365df4d,__k1260
2383629f,__k3710
23a96969,__k1325
240c520,__k2794
240dc023,__k67
2447a3b,__k1712
2477e53c,__k3032
24c3d53e,__k691
24c4e65d,__k357
24dd0151,__k173
24e5e386,__k2110
250ab0fb,__k5622
250c8721,__k771
2526b0ad,__k537
2547add6,__k2770
25b968fa,__k233
261b334a,__k413
261eb2ef,__k96
2646a272,__k192
265759c5,__k2085
265afef0,__k903
2671007b,__k157
2699c967,__k1693
26a0864b,__k791
274d6824,__k217
27781a1,__k1246
278b2532,__k769
27af3274,__k437
27b71730,__k2130
27bd264b,__k3497
27bf66f1,__k634
27c94aa7,__k104
27d2e73f,__k1392
27eb58ef,__k2065
280373e3,__k2281
2812fa03,__k548
28213141,__k814
28433f89,__k2795
2879fc0a,__k1245
289bce9a,__k376
28cfc93b,__k1169
28e6fbc6,__k3166
28ee6433,__k328
28fd98ea,__k516
29073582,__k1784
29225ed4,__k1135
29235c4d,__k1215
2931938b,__k1749
296d1504,__k2264
2995431,__k375
29955b1a,__k1630
2a559bf8,__k1687
2a5d04ec,__k2978
2a70c54a,__k1050
2a909a9b,__k614
2ae5d983,__k2366
2af264eb,__k834
2b1d45ca,__k2983
2b25a529,__k2856
2b386f1c,__k2358
2b52fa01,__k1909
2b6d0244,__k312
2b851d38,__k136
2b9df23e,__k3562
2ba14403,__k283
2bcecc94,__k572
2be17c5a,__k3661
2be8e4c7,__k661
2be9f5e6,__k387
2c04c474,__k1070
2c0caaeb,__k1411
2c214800,__k3995
2c26c31e,__k1304
2c3d98e8,__k1931
2c42d9f9,__k973
2c4aaf17,__k841
2c79c6,__k3287
2cc6ced6,__k53
2cd4ed2,__k1168
2d42f66d,__k1556
2d64f517,__k1446
2d6d5476,__k1591
2d73003b,__k719
2d7ce3f1,__k641
2d9b2425,__k924
2dc595d4,__k745
2ddeae41,__k861
2de692fd,__k2580
2e0f1374,__k6057
2e7277ad,__k267
2ebe9ca,__k329
2ed441fd,__k447
2ef53f26,__k2600
2fb1e81,__k515
2fe1db4c,__k2163
2fe39328,__k1434
2fee8dcd,__k5457
30032512,__k3522
303d7701,__k1677
3057fb51,__k199
305d4c52,__k879
306c57cf,__k904
309db713,__k74
30adf853,__k3264
30afe1eb,__k881
30b1df2a,__k798
30edc3f9,__k3518
3138b682,__k659
3154dd4d,__k340
315ec103,__k218
316cf841,__k164
319c7e11,__k762
31a6a50a,__k5973
31b6a79d,__k520
31c08b53,__k438
31f13232,__k1814
31fe46b,__k1132
322573f1,__k1981
323a6edc,__k2516
32495fea,__k246
32844bd6,__k26
32ab2a3a,__k466
32d69962,__k181
32e1221a,__k1160
32e750b5,__k2096
32eaf5e0,__k936
32f1922,__k1748
33307d3b,__k786
3342ec6a,__k1740
341f5413,__k1222
3422bf32,__k3441
343e2beb,__k144
343f2964,__k402
344ac33b,__k1183
34690cca,__k2253
34936ad3,__k2296
34a236bd,__k5992
34b90ced,__k2508
34bc1d06,__k497
34f6a79b,__k1961
351a9394,__k222
355a6f2a,__k1858
3576f2b6,__k3175
358d8fda,__k505
35967617,__k131
359929b1,__k1080
35ad4dde,__k3852
35b255c4,__k1140
35c9b655,__k2193
35de897,__k702
35e14682,__k1999
35ec8b57,__k4023
36142014,__k1760
361e03ca,__k1418
3635f2a4,__k675
3660d383,__k2388
3668fa0a,__k365
3697bcf4,__k855
36d827b5,__k58
36e868f5,__k3248
3700bc3a,__k1047
37125a4d,__k335
3720918b,__k629
372a7541,__k111
373411d9,__k1383
3762868a,__k1627
3774249d,__k555
37825bdb,__k809
3784591a,__k710
37a55643,__k2555
37c2c69c,__k82
37d90d3b,__k1846
380831b2,__k2833
383eee33,__k1507
3894bb64,__k1063
38b6ba0e,__k1313
38dbb726,__k592
38f685b4,__k1603
3909535e,__k3351
396e6f73,__k290
39893e01,__k1127
399c1f1d,__k5567
39a91352,__k109
39be2f86,__k2907
39d2ed5d,__k1563
39eb0851,__k1707
3a2b1b15,__k951
3a2ee929,__k2153
3a38ccdf,__k2007
3a558cc4,__k730
3a6ea531,__k872
3aaacbac,__k2426
3ac13aca,__k888
3b026e9d,__k270
3b44639c,__k1294
3b4a0f61,__k652
3b6438ed,__k450
3b66362c,__k349
3b873355,__k2104
3b9ec382,__k1924
3bc8007c,__k529
3bc806e,__k1928
3be8fda5,__k2764
3c27f970,__k42
3c50d513,__k395
3c738a18,__k1427
3c9c023f,__k3105
3cbe393a,__k1032
3cd862c6,__k1274
3ced29f8,__k1867
3cf07dba,__k1490
3cfc4ebf,__k931
3d193540,__k2633
3d1bece2,__k1353
3d221b7d,__k2207
3d4dec5f,__k7277
3d9517c3,__k2920
3d968a3b,__k1833
3ddfc6e5,__k2539
3df49f70,__k2013
3e2c7501,__k757
3e3658b7,__k683
3e5866ff,__k2124
3e5a1edb,__k1473
3e669e3d,__k2438
3e904de9,__k911
3eabe3ec,__k3638
3eca65cc,__k2501
3ed956da,__k255
3f1aa050,__k3115
3f3b212a,__k475
3f4856e7,__k2858
3f52f8b7,__k3581
3f748429,__k3716
3f7aecd0,__k929
3f97e4d,__k3198
3f9ea19b,__k1648
3fa88551,__k1790
3fd2e35a,__k1757
3fe383f4,__k125
3fe5c476,__k5397
3feeea12,__k4404
3ffee1ad,__k69
405e64f6,__k2521
40af4b03,__k1257
40b4f6c8,__k697
40bfeb9d,__k205
40ce22db,__k179
40f7fce6,__k1533
40f903ba,__k2226
411b17f,__k4733
4121b5ed,__k425
4131ea6a,__k620
41502a9e,__k985
4152e793,__k2465
41869e8b,__k1976
420e5213,__k302
420fd479,__k90
4217eeab,__k1190
42701c63,__k562
428aeaf1,__k1695
42dee8b7,__k1943
42ed1005,__k599
4327b3e4,__k820
432f98a0,__k2541
433a3a70,__k3018
43489f4e,__k5731
43807ead,__k1233
4386af61,__k4748
43ba6c31,__k102
43c408c9,__k1394
43dc7a79,__k2063
44031e14,__k600
44041b8d,__k546
4423d991,__k3819
442809,__k191
443e44c9,__k2643
44585cfc,__k2376
448cf024,__k378
44ba274c,__k2956
44df85bd,__k326
44eeba74,__k518
44fa544b,__k1095
4513c77c,__k279
453218f,__k1688
4534c4a5,__k2034
453be4df,__k3097
4551848a,__k707
4553ffd3,__k3673
456bae16,__k581
457591cc,__k459
457747ed,__k1004
45994697,__k1338
45c1fe1d,__k2395
4639524f,__k45
464e2676,__k2972
466030b3,__k485
466bca8a,__k1102
4684e2f7,__k1420
469ffc59,__k999
46b579e6,__k1546
46dfd7ef,__k1583
46e4ae1,__k1053
46e583b4,__k723
46fe82d7,__k1860
470da79e,__k938
4713f99b,__k4456
472e11ce,__k4163
47441b8b,__k1903
4782e97,__k1107
478f13c8,__k3564
47db1770,__k381
4805f84f,__k2014
483bd0a1,__k847
4878f495,__k2711
48a1a6c8,__k918
48b7f060,__k55
48e2032,__k615
48f5e837,__k2788
49060b4,__k5283
49221579,__k3046
492bf92f,__k3112
494e302a,__k1021
495616a1,__k1440
496859b6,__k1263
498f02a4,__k2488
49abe3d2,__k1326
49affa7a,__k1641
49b2126d,__k2210
4a103a8c,__k60
4a261fd2,__k2693
4a63fc8d,__k6166
4ac64fa7,__k690
4ac760c6,__k354
4add3b14,__k3595
4adf7bba,__k170
4ae660b0,__k2606
4ae85def,__k2111
4aea15cb,__k1460
4b0f018a,__k772
4b292b16,__k534
4b404489,__k2809
4b655191,__k2188
4b9344a2,__k4123
4bbbe363,__k232
4bd2fcd6,__k2169
4c1dadb3,__k412
4c212d58,__k99
4c34c726,__k2709
4c491cdb,__k193
4c5d7959,__k902
4c737ae4,__k150
4ca300b4,__k796
4d40f17f,__k2546
4d4fe28d,__k216
4d66fc00,__k2109
4d8d9f9b,__k768
4db1acdd,__k436
4dc1e15a,__k637
4dc9846a,__k3548
4e05ee4c,__k2286
4e11252e,__k3966
4e23abaa,__k817
4e3a8174,__k248
4e756d60,__k20
4e7c7673,__k1244
4e9c4bc4,__k468
4e9e4903,__k377
4ec0008f,__k1349
4ec3bfc,__k1588
4ed2e1ab,__k5701
4efea82,__k835
4f001353,__k517
4f1bf300,__k1522
4f24d93d,__k1134
4f25d6b6,__k1216
4f6edfa7,__k1950
4f942068,__k2875
50092d2d,__k5426
5048227b,__k3556
50581661,__k1686
506341c,__k4657
506c7169,__k2074
50733fb3,__k1051
50743d2c,__k1575
50848c5d,__k2298
50931504,__k613
50ad3e90,__k491
50b15538,__k990
50fdc189,__k2892
512e4ea,__k2561
513ae985,__k2359
516f7cad,__k313
517f2860,__k6264
518797a1,__k137
51a3be6c,__k284
51c4bb95,__k2041
51d146fd,__k573
51ec704f,__k386
52293d87,__k1305
52c9493f,__k52
52f1ddc4,__k1049
52fbc17a,__k1111
5353a814,__k1629
535d8bca,__k1731
536fcedf,__k1590
5371ac0b,__k4045
5379b295,__k1268
537f5e5a,__k642
53b3e826,__k88
53b98796,__k2341
53c8103d,__k744
53e128aa,__k862
54300fbd,__k1509
5469be2,__k1850
5474f216,__k264
54ccd8b0,__k594
54d6bc66,__k444
54fb6eaa,__k1469
554d86c0,__k2321
55808e26,__k2059
55e455b5,__k2162
5604a202,__k3023
56059f7b,__k3523
565fc6bb,__k878
56772174,__k4356
568bb8b9,__k2621
56a0317c,__k73
56a87db,__k315
56b072bc,__k3263
56b25c54,__k886
56b45993,__k799
57148d50,__k2039
573b30eb,__k658
575757b6,__k343
576f72aa,__k167
577657a0,__k2619
57790f42,__k1335
577a0cbb,__k1455
57864a71,__k3882
579ef87a,__k761
57b92206,__k523
57f3ac9b,__k1815
5827ee5a,__k1982
582a2cf,__k139
584bda53,__k247
5855669,__k1088
5870a03d,__k1884
5886c63f,__k27
58ada4a3,__k467
58c98450,__k1272
58d1596e,__k1340
58d913cb,__k180
58e9cb1e,__k2095
58ed7049,__k937
5932f7a4,__k781
594566d3,__k1741
596d20e0,__k2404
59ec99a,__k282
5a21ce7c,__k1225
5a277a41,__k685
5a40a654,__k143
5a41a3cd,__k403
5a655898,__k1360
5a6b8733,__k2252
5a96bb94,__k4011
5aa4b126,__k5991
5aab52d9,__k2742
5abe976f,__k496
5ac2ae17,__k997
5b056450,__k33
5b15a590,__k3223
5b1d0dfd,__k223
5b5ce993,__k1859
5b62d89b,__k5716
5b900a43,__k504
5bb4d02d,__k1141
5bcc30be,__k2190
5be3c0eb,__k1998
5bfc6c3,__k2047
5c169a7d,__k1761
5c386d0d,__k674
5c6b7473,__k364
5c7a620c,__k1618
5c9a375d,__k854
5ca06c8d,__k1259
5cc522b,__k575
5cf30226,__k1205
5d0336a3,__k1046
5d14d4b6,__k336
5d2cefaa,__k112
5d414c28,__k983
5d86d383,__k711
5dc54105,__k83
5ddb87a4,__k1841
5df01f1,__k3662
5e0a9a5c,__k5584
5e399cd9,__k2089
5e41689c,__k1500
5e66a5e,__k660
5e77b7d,__k384
5e9735cd,__k1062
5ea7481e,__k2028
5eb93477,__k1312
5ede318f,__k593
5ef9001d,__k1602
5f43b64d,__k2993
5f62f647,__k2807
5f70e9dc,__k297
5f8bb86a,__k1124
5f91e705,__k2052
5fab8dbb,__k108
5fd567c6,__k1560
6024a0b,__k1077
6058072d,__k731
60622e26,__k5924
60711f9a,__k871
60932de2,__k2730
60a3082,__k1410
60c3b533,__k889
6104e906,__k273
6142a614,__k709
6146de05,__k1295
614c89ca,__k651
615ccfa0,__k587
6166b356,__k453
6168b095,__k348
616d86f3,__k2494
61a13deb,__k1925
61ca7ae5,__k528
61e19458,__k2813
620a3668,__k4198
6219113,__k2667
622a73d9,__k43
623f4800,__k2974
62448b5,__k1307
62534f7c,__k392
629498f2,__k3056
62c0b3a3,__k1033
62dadd2f,__k1275
62ea6caa,__k189
62efa461,__k1866
62f2f823,__k1491
63071864,__k4341
631e674b,__k1352
63d68006,__k6176
63d74c13,__k5367
6405f90,__k972
64090632,__k1308
642eef6a,__k754
645c9944,__k1474
6472fc5c,__k2307
6476b177,__k1367
64834ae,__k840
64d003b,__k2380
64dbd143,__k254
6516bd2f,__k34
653d9b93,__k474
655121b1,__k5185
65597b40,__k1265
657d6739,__k928
65c6290c,__k1148
65e5fe5d,__k124
65f519ca,__k1991
65fd17d0,__k2417
664145b,__k1617
66b0c7f3,__k1176
66b1c56c,__k1250
66b77131,__k696
66b88250,__k352
66c26606,__k206
66ccceab,__k4225
66d97f79,__k2117
66f54f88,__k1373
66fa774f,__k1532
671a4ca0,__k532
67243056,__k426
673464d3,__k621
673b49c9,__k2777
6748b12e,__k4130
6752a507,__k984
6756731b,__k2182
678918f4,__k1971
67962f23,__k801
6810cc7c,__k305
68124ee2,__k93
681a6914,__k1197
68229022,__k3283
683fbf37,__k3840
6844c71d,__k1152
684af5b8,__k2080
687296cc,__k565
68d77f6a,__k1894
6982f916,__k1230
69b302e4,__k639
69bce69a,__k101
69c68332,__k1397
69def4e2,__k2060
69ee60e,__k1807
6a05987d,__k601
6a0695f6,__k545
6a14cd34,__k819
6a360ba3,__k4269
6a69600c,__k738
6a8f6a8d,__k379
6ae20026,__k325
6af134dd,__k519
6afcceb4,__k1092
6b1641e5,__k278
6b53fef3,__k706
6b600131,__k1956
6b6e287f,__k580
6b780c35,__k458
6b79c256,__k1007
6bc536a0,__k3159
6c4546d,__k50
6c62ab1c,__k482
6c6e44f3,__k1103
6ca4f20b,__k3800
6ce7fe1d,__k722
6d102207,__k939
6d4695f4,__k1904
6d918e31,__k3565
6ddc80ba,__k664
6ddd91d9,__k380
6de423ca,__k3539
6e03102a,__k4394
6e14141a,__k5689
6e718b48,__k2826
6e8612,__k156
6eba6ac9,__k54
6ecaac09,__k3244
6efa31d9,__k3082
6f369260,__k1553
6f50aa93,__k1020
6f56d92e,__k2172
6f58910a,__k1443
6f60f069,__k1596
6f6ad41f,__k1262
6f6cca8,__k1113
6f82ef13,__k1486
6f8ec018,__k921
6faaa920,__k2347
6fae5e3b,__k1327
6fb3f117,__k7282
6fb48cd6,__k2213
7012b4f5,__k61
7022f635,__k3271
7041b7d,__k3086
706613a0,__k262
707cda0e,__k3030
708710c9,__k2027
70c7ddf0,__k442
70c9db2f,__k355
70dfb57d,__k3594
70e1f623,__k171
7106a867,__k1374
7142ad33,__k5554
7164bd9c,__k2912
71663014,__k1827
716a1f9,__k119
71be5dcc,__k235
71d5773f,__k2168
7220281c,__k415
7223a7c1,__k98
722bc1f3,__k1198
724b9744,__k194
725ff3c2,__k901
7275f54d,__k151
72915306,__k79
72a19446,__k3269
72a57b1d,__k797
72afa216,__k5946
72e0a1d2,__k2752
73055bd5,__k3132
7326a6b0,__k1298
733b872c,__k828
73487940,__k345
73525cf6,__k215
7357f16e,__k3148
73609434,__k169
73697669,__k2108
73824f77,__k3185
7385d3c,__k3119
73aa4390,__k525
73b42746,__k435
73c21b1d,__k3491
73c45bc3,__k636
7416f15c,__k608
74262613,__k816
743cfbdd,__k249
7448345b,__k2797
7477e7c9,__k21
747ef0dc,__k1243
749ec62d,__k469
74a0c36c,__k370
74c27af8,__k1346
75028dbc,__k510
751e6d69,__k1523
756286b0,__k19
757f815e,__k589
759a4fec,__k1636
75a9437,__k1024
764a9ce4,__k3551
768e2700,__k3634
7691c0d4,__k4327
76958f6d,__k612
76ada0d,__k1592
76afb8f9,__k490
76b3cfa1,__k991
76b64aea,__k3809
76d0b622,__k2657
76eace55,__k2360
76f759bd,__k832
77085d2,__k718
774c98a5,__k2940
7771f716,__k310
778a120a,__k134
77a6988,__k640
77c735fe,__k2042
77d3c166,__k570
77eeeab8,__k389
7809b946,__k1072
78428dba,__k1933
7847cecb,__k971
78546f76,__k2385
78cd8b7,__k1482
78f4582d,__k1048
7905f640,__k330
79326db2,__k989
7956227d,__k1628
79600633,__k1730
7967c090,__k550
7981d8c3,__k643
798a9bc,__k925
79a018f7,__k926
79a2d5ec,__k2480
79b6628f,__k89
79bc01ff,__k2340
79c5e5b5,__k2218
79c6a3cf,__k3299
79ca8aa6,__k747
79d68ce4,__k1917
79e3a313,__k863
7a1dcc4f,__k2960
7a776c7f,__k265
7aa79e5f,__k2678
7aaa5601,__k1314
7acf5319,__k595
7ad936cf,__k445
7afde913,__k1468
7b492c4,__k2343
7b7788f3,__k1828
7bc5e87,__k1644
7bc68950,__k1566
7be6d01e,__k2161
7be887fa,__k1436
7c1eb708,__k954
7c31b6b,__k742
7c6a25e0,__k2578
7c874e2c,__k158
7c8e3322,__k2622
7ca2abe5,__k72
7ca84b55,__k2315
7cb2ed25,__k3262
7cb4d6bd,__k887
7ce8053c,__k5535
7cf1da9,__k1912
7cf1fab1,__k2759
7cf60a90,__k275
7d57d4e0,__k455
7d59d21f,__k342
7d71ed13,__k166
7d7b89ab,__k1334
7da172e3,__k760
7dab99dc,__k5975
7dbb9c6f,__k522
7dc33d8,__k860
7dcd64e1,__k2139
7e33a266,__k6150
7e3f63ae,__k2514
7e447106,__k398
7e4e54bc,__k240
7e8940a8,__k28
7e8a3ba4,__k5669
7eb01f0c,__k460
7ed3d3d7,__k1341
7edb8e34,__k187
7edcd13d,__k5651
7ee616ec,__k1166
7f35720d,__k780
7faf5530,__k5445
8029f4aa,__k686
802a37ed,__k5909
804320bd,__k142
80441e36,__k400
804c02f2,__k2121
804fb80d,__k1185
8067d301,__k1361
806e019c,__k2255
80c111d8,__k499
81181ff9,__k3222
811f8866,__k220
819284ac,__k503
819e1e83,__k1082
81bf36dd,__k5112
81c67f4d,__k1758
81ceab27,__k2191
820200c6,__k2275
821b1225,__k1079
823ae776,__k677
825927aa,__k978
826deedc,__k363
829cb1c6,__k857
82a1e97d,__k1178
82b38790,__k200
82e67112,__k1379
82f57c8f,__k1204
82fd68d6,__k5270
8305b10c,__k1041
831551e0,__k420
83174f1f,__k337
83223498,__k3946
832f6a13,__k113
833906ab,__k1381
8343c691,__k982
83468386,__k2468
83677b5c,__k1621
8379196f,__k557
83894dec,__k716
83aa4b15,__k2553
83c7bb6e,__k80
842f252e,__k2969
8443e305,__k1501
847e86e4,__k1698
8499b036,__k1061
84a196ad,__k1400
84d284aa,__k1946
84d7c5bb,__k966
84fb7a86,__k1601
850b8cd7,__k2609
8527b5bb,__k4719
854630b6,__k2990
85736445,__k296
85741aa0,__k1236
858e32d3,__k1125
85f7b780,__k543
86300fe7,__k953
8633ddfb,__k2151
865a8196,__k732
86739a03,__k870
8695a84b,__k2731
869f8c01,__k2629
86a2475a,__k3333
86c28116,__k1519
86d321b0,__k323
86e9e81e,__k3791
86ffd44,__k266
870411aa,__k3513
8707636f,__k272
8749586e,__k1296
874f0433,__k650
875f4a09,__k586
87692dbf,__k452
878a2ae8,__k2611
87a3b854,__k1922
87b59a10,__k2390
880f7de9,__k2593
881fb200,__k5575
882cee42,__k40
883d2f82,__k3250
8853cca6,__k488
8855c9e5,__k393
88568040,__k1579
88817c50,__k5355
88c32e0c,__k1034
88ece713,__k188
88f21eca,__k1865
88f5728c,__k1496
891d2c99,__k2355
8920e1b4,__k1355
8924f85c,__k1654
8927104f,__k2205
8944cdad,__k890
8946caec,__k789
8985386e,__k17
89860180,__k288
899579ae,__k3207
899a0c95,__k2926
899b7f0d,__k1835
89ebe278,__k947
89f99442,__k2011
8a3169d3,__k755
8a5f13ad,__k1475
8a7576c5,__k2306
8aaa8edc,__k4019
8ade4bac,__k253
8b0359b,__k3686
8b2760e5,__k6294
8b4015fc,__k473
8b5bf5a9,__k1264
8b74109d,__k1488
8ba5ae60,__k2215
8bad7a23,__k1792
8bc8a375,__k1149
8bde06c7,__k2681
8be878c6,__k127
8c2a6dc5,__k1769
8c6dfb98,__k3036
8caafa26,__k5300
8cb3425c,__k1171
8cb7aaf4,__k3472
8cb9eb9a,__k695
8cbafcb9,__k353
8cc4e06f,__k207
8cdbf9e2,__k2114
8cf7c9f1,__k1372
8cfdf88c,__k2220
8d1c794,__k446
8d26aabf,__k427
8d36df3c,__k626
8d3c4d3,__k359
8d57dc65,__k2463
8d8b935d,__k1970
8d98a98c,__k806
8da816e9,__k3217
8e1346e5,__k304
8e14c94b,__k92
8e1ce37d,__k1196
8e474186,__k1151
8e751135,__k564
8ea90bd6,__k1771
8ebdfc7,__k175
8ee9de50,__k2938
8f2c4bd,__k2603
8f2ca8b6,__k822
8f348d72,__k2543
8f437e80,__k213
8f737101,__k3183
8fa548d0,__k433
8fb57d4d,__k638
8fbd205d,__k3547
8fbf6103,__k100
8fe93b0e,__k1568
9000aa79,__k3640
9009105f,__k544
9017479d,__k818
904536da,__k2158
906bda75,__k739
90701266,__k1249
908cd79e,__k2576
90a7012a,__k2738
90cc0e32,__k2099
90e47a8f,__k324
91136d4a,__k3823
911972a9,__k1211
9156795c,__k701
9158abeb,__k7149
91632b60,__k2260
917c3cbf,__k1006
91842906,__k5032
9195552c,__k1724
91b6597,__k777
91c6f2ef,__k2397
92041190,__k1229
92a76c74,__k3807
92ba6eb8,__k1548
92ea7886,__k721
9349105d,__k1905
9356268c,__k899
9358f23,__k539
936318a0,__k316
93930b21,__k3064
93b85788,__k2044
93c4e2f0,__k576
93d94f5e,__k1285
93defb23,__k665
93e00c42,__k383
93fadad0,__k1074
93fd3b57,__k940
9401096b,__k2146
941cd97a,__k1300
9440c573,__k845
94459100,__k2383
945ca520,__k1614
949776d3,__k1802
94bce532,__k57
95390cc9,__k1552
955324fc,__k1027
955b0b73,__k1442
95913a81,__k920
95a9c2b,__k298
95b0d8a4,__k1320
95b4ef4c,__k1647
96152f5e,__k62
96688e09,__k263
9674b2a7,__k2528
96898b32,__k2024
96ca5859,__k443
96e4708c,__k176
96eb5582,__k2604
96fb4853,__k3893
97056db5,__k2333
9713f65c,__k774
971614e4,__k1878
974efe,__k1692
979cec3c,__k1979
97c0d835,__k234
9822a285,__k414
9839bbf8,__k2707
984e11ad,__k195
9850522f,__k5327
98786fb6,__k152
987e042e,__k3629
9893cd6f,__k78
98a7f586,__k794
98e21ec2,__k2473
993cee55,__k5404
993e0195,__k829
994af3a9,__k344
99508821,__k3011
9954d75f,__k214
995a6bd7,__k3149
99630e9d,__k168
9996cc5e,__k1238
99acbdf9,__k524
99b6a1af,__k434
99be866b,__k2133
99c6d62c,__k631
9a0ae31e,__k2284
9a120358,__k3649
9a28a07c,__k811
9a4e63df,__k1716
9a643c30,__k1881
9a7a6232,__k22
9a816b45,__k1242
9aa33dd5,__k371
9add6711,__k2092
9aee6b01,__k3169
9b050825,__k511
9b20e7d2,__k1520
9b29ce0f,__k1136
9b2acb88,__k1218
9b81fbc7,__k588
9c1b1634,__k688
9c353fc0,__k406
9c4d174d,__k3550
9c5d0b33,__k1684
9c71663b,__k2076
9c90a169,__k3635
9c9809d6,__k611
9cb23362,__k493
9cf9d426,__k831
9d10a9f0,__k226
9d24b505,__k2984
9d74717f,__k311
9d83a636,__k509
9d8c8c73,__k135
9d93248,__k1016
9da8b33e,__k286
9dbfccb1,__k2197
9dc9b067,__k2043
9dd63bcf,__k571
9df16521,__k388
9df60e3,__k2164
9e0a3670,__k1764
9e0be2,__k790
9e0c33af,__k1073
9e2c0900,__k671
9e450823,__k1932
9e4a4934,__k976
9e5f1066,__k369
9e6dfdff,__k1613
9e8dd350,__k851
9ee69e19,__k1202
9f0870a9,__k331
9f62809c,__k1737
9f6a3af9,__k551
9f84532c,__k644
9f9b6c9f,__k2559
9fa55055,__k2481
9fb8dcf8,__k86
9fcd050f,__k746
9fd9074d,__k1916
9fe61d7c,__k864
9ff30f90,__k309
a054d9e0,__k569
a06682d2,__k6305
a08ad1c0,__k1067
a0acd06a,__k1317
a0c3a634,__k1948
a1276dc3,__k1877
a1375240,__k2996
a1527b92,__k2323
a156923a,__k2802
a1747cd,__k959
a18582f8,__k2057
a1e31bec,__k1012
a1eb0263,__k1437
a2213171,__k955
a22ee33b,__k2003
a24ba320,__k734
a273c70a,__k909
a289c895,__k159
a2a0e208,__k2422
a2a5264e,__k71
a2aac5be,__k2316
a2b75126,__k884
a2f377a1,__k2478
a2f884f9,__k274
a35a4f49,__k454
a374677c,__k161
a37d49b1,__k2100
a37e0414,__k1333
a3a3ed4c,__k767
a3afc98,__k1676
a3d26333,__k4412
a3d5304b,__k2818
a412b33,__k2704
a446eb6f,__k399
a450cf25,__k241
a475950f,__k1886
a48bbb11,__k29
a4b29975,__k461
a4ce7922,__k1270
a4de089d,__k186
a4e89155,__k1167
a4f2651b,__k935
a51831d9,__k2203
a537ec76,__k783
a54a5ba5,__k1747
a5580e8,__k198
a566625d,__k4436
a57659f8,__k11
a5e07f11,__k3002
a5ef36f4,__k4248
a626c34e,__k1227
a62eaf95,__k5211
a6459b26,__k141
a646989f,__k401
a6523276,__k1186
a6707c05,__k2254
a69dd66,__k905
a6aba337,__k5288
a6c07c28,__k2505
a6c38c41,__k498
a6cf6d36,__k259
a6fe16d6,__k1964
a70a5922,__k31
a72202cf,__k221
a7313786,__k479
a785ca5e,__k318
a794ff15,__k502
a7c0b180,__k5966
a7d99a50,__k121
a7e794ae,__k578
a8047b2f,__k2274
a83d61df,__k676
a85ba213,__k979
a86900d8,__k3124
a8706945,__k362
a897f40,__k3339
a89f2c2f,__k856
a8a994d4,__k4833
a8b601f9,__k201
a8e8eb7b,__k1378
a917cc49,__k421
a919c988,__k338
a931e47c,__k114
a969f5c5,__k1620
a97b93d8,__k558
a9a0a0e0,__k239
a9acc57e,__k2550
a9b3caa,__k75
a9ca35d7,__k81
a9cfd547,__k2348
aa026b30,__k419
aa0dc1a,__k2312
aa386310,__k1157
aa465d6e,__k1502
aa8c6137,__k7303
aa9a2d60,__k1777
aa9c2a9f,__k1060
aaa41116,__k1403
aad6782,__k880
aada4024,__k961
ab1dca40,__k824
ab75deae,__k295
ab90ad3c,__k1122
abf2778c,__k1702
abf93470,__k604
abfa31e9,__k542
ac1a3199,__k2449
ac365864,__k2156
ac4e7358,__k2372
ac5cfbff,__k733
ac76146c,__k877
aca4c1c3,__k3332
acb23ae7,__k2425
acc4fb7f,__k1518
acd59c19,__k322
ad4bd2d7,__k1297
ad517e9c,__k657
ad61c472,__k585
ad6d5e49,__k1000
ad911886,__k6019
ada632bd,__k1923
adcf2899,__k1660
adddaa8,__k4428
ae11f852,__k2590
ae2f68ab,__k41
ae443cd2,__k2976
ae56470f,__k489
ae58444e,__k390
ae58faa9,__k1578
ae98dfd,__k2474
aeab9042,__k1542
aec5a875,__k1035
aedb9a10,__k727
af047db0,__k2989
af1fa702,__k2356
af2772c5,__k1655
af474816,__k893
af494555,__k788
af6dd786,__k4523
af887be9,__k289
afca70e8,__k1283
afd7bfbd,__k3536
afdc40e5,__k5361
afee5ce1,__k946
affc0eab,__k2010
b033e43c,__k752
b057f17e,__k408
b06dcbcc,__k3869
b097bd24,__k914
b0ad0945,__k4018
b0d1d507,__k2502
b0e0c615,__k252
b1220f8b,__k3116
b1335bae,__k228
b1429065,__k472
b15e7012,__k1267
b19df20e,__k3603
b1a828c9,__k2214
b1aff48c,__k1795
b1da5295,__k1750
b1ddbdb4,__k3933
b1eaf32f,__k126
b2020ca2,__k2415
b20650e8,__k64
b2b5bcc5,__k1170
b2bc6603,__k694
b2bd7722,__k350
b2c75ad8,__k208
b2f68f3f,__k2339
b2fa445a,__k1371
b30072f5,__k2221
b31f4172,__k530
b3292528,__k428
b33959a5,__k627
b344bfc3,__k4504
b358598f,__k2919
b415c14e,__k307
b41743b4,__k95
b41f5de6,__k1195
b449bbef,__k1150
b45b8bec,__k5614
b4699140,__k154
b4778b9e,__k567
b48a8e69,__k2319
b4925a2c,__k1690
b4a53b48,__k5258
b4ab863f,__k1770
b4ad837e,__k1069
b4b569f5,__k1408
b4dc743c,__k1892
b4e1a52a,__k4112
b4ec58b9,__k2939
b50b98b3,__k2861
b50f4dce,__k1609
b5262e4,__k341
b52f231f,__k823
b545f8e9,__k212
b57f1106,__k2239
b58ddcf0,__k5979
b5a5713a,__k3742
b5a7c339,__k432
b5b5b710,__k3494
b5c1db6c,__k107
b5c469a,__k219
b5cb7804,__k1391
b5e3e9b4,__k2066
b5ebb577,__k1569
b617f0ac,__k4055
b61c0288,__k5885
b62b8a78,__k2440
b63f8569,__k1710
b65fcc37,__k2375
b6728ccf,__k1248
b68f5207,__k2577
b6a7dd8,__k165
b6dcf79,__k5691
b71aef99,__k1130
b71bed12,__k1212
b741a70,__k1337
b758f3c5,__k700
b760433b,__k4108
b77eb728,__k1009
b7e08178,__k1669
b8068bf9,__k1228
b840c18a,__k48
b85044b0,__k2259
b85102ca,__k3258
b8679fee,__k480
b86a5388,__k1571
b8892b60,__k617
b8bce921,__k1549
b8eaf5b0,__k837
b8ecf2ef,__k720
b91b68d6,__k4453
b958a0f5,__k898
b9659309,__k317
b999d4c8,__k280
b9bad1f1,__k2045
b9c75d59,__k577
b9e1758c,__k662
b9e286ab,__k382
ba0383d4,__k2141
ba0d678a,__k2019
ba433fdc,__k842
ba476faa,__k7131
ba480b69,__k2382
ba76801a,__k2824
ba99f13c,__k1805
babf5f9b,__k56
bb42d34,__k521
bb5d85dc,__k1445
bb65e53b,__k1594
bb87e3e5,__k1480
bb93b4ea,__k923
bbb3530d,__k1321
bbb769b5,__k1646
bbbe2699,__k740
bbe10ea,__k439
bc05ec5d,__k3323
bc116842,__k2965
bc17a9c7,__k63
bc6b0872,__k260
bc8c059b,__k2025
bc9086c3,__k4254
bcccd2c2,__k440
bce4567,__k632
bce6eaf5,__k177
bd1670c5,__k775
bd188f4d,__k1879
bd6b24e6,__k1825
bd9f66a5,__k1978
bdc3529e,__k237
bdd43d76,__k1018
bdf10248,__k5508
be1c5b5,__k1398
be251cee,__k417
be48e8e2,__k5230
be508c16,__k196
be64e894,__k907
be7aea1f,__k153
be9647d8,__k77
bea68918,__k3267
bea872b0,__k882
beaa6fef,__k795
beeb7c9,__k1817
bf4d6e12,__k347
bf53028a,__k3012
bf9946c7,__k1239
bfaf3862,__k527
bfc100d4,__k2134
bfc70fef,__k3493
bfc95095,__k630
bfcef666,__k3874
c02b1ae5,__k810
c050de48,__k1719
c083e5ae,__k1241
c0a57120,__k1038
c0a5b83e,__k372
c0b08994,__k6
c0c76fca,__k1344
c1073b70,__k1658
c107828e,__k512
c1290e00,__k785
c12d45f1,__k1219
c19b8fa3,__k2876
c19f44be,__k1634
c1d1a09b,__k3008
c217e4d8,__k1221
c21d909d,__k689
c236bcb0,__k147
c237ba29,__k407
c2435400,__k1180
c273e0a4,__k2071
c27aaeee,__k1054
c27bac67,__k1576
c29a843f,__k610
c2a5ea5d,__k4519
c2b4adcb,__k492
c2b8c473,__k993
c2fc4e8f,__k830
c2fe4bce,__k729
c3132459,__k227
c32afbe6,__k3373
c3518d77,__k2942
c36f837b,__k3170
c386209f,__k508
c386979b,__k6267
c38f06dc,__k132
c3aae689,__k1145
c3ab2da7,__k287
c3c2471a,__k2194
c40cb0d9,__k1765
c416948f,__k1415
c42e8369,__k670
c447828c,__k1935
c4618acf,__k368
c46e581,__k245
c4904db9,__k850
c4e91882,__k1201
c50330b5,__k1116
c50aeb12,__k332
c564fb05,__k1736
c56cb562,__k552
c586cd95,__k645
c5bb5761,__k87
c5c4abec,__k1328
c5cf7f78,__k749
c5db81b6,__k1915
c5e897e5,__k865
c5f589f9,__k308
c6575449,__k568
c68d4c29,__k1066
c69532a0,__k1405
c6ac9331,__k2676
c6af4ad3,__k1316
c6d447eb,__k597
c729e82c,__k1870
c7670038,__k293
c781cec6,__k1128
c787fd61,__k2056
c7b6c04b,__k2902
c7e39916,__k1708
c7e59655,__k1013
c7ed7ccc,__k1430
c81d16d,__k25
c823abda,__k956
c8315da4,__k2004
c84760a5,__k1673
c84e1d89,__k735
c8764173,__k908
c8a7a0b7,__k70
c8ad4027,__k2317
c8b9cb8f,__k885
c8faff62,__k277
c90f0a77,__k2937
c93cf461,__k1291
c95cc9b2,__k457
c9639d4f,__k2498
c976e1e5,__k160
c9779840,__k1728
c97fc41a,__k2103
c9817bf6,__k1450
c98db9ac,__k3887
c9dcdc03,__k7291
c9e18e6a,__k2763
ca2aaacd,__k4151
ca4965d8,__k396
ca530270,__k1108
ca53498e,__k242
ca780f78,__k1889
ca8afd1,__k465
cab513de,__k462
cae08306,__k185
caeb0bbe,__k1164
caf4df84,__k932
cb34bb1a,__k1528
cb3869a0,__k895
cb3a66df,__k782
cb467d24,__k7274
cb4cd60e,__k1744
cb68dcc6,__k4435
cb74901b,__k2407
cb8da888,__k2923
cbbb9272,__k1289
cbe2f97a,__k3001
cc2505c6,__k758
cc293db7,__k1226
cc2ee97c,__k680
cc48158f,__k140
cc537bad,__k4469
cc54acdf,__k1187
cc6912b8,__k2303
cc72f66e,__k2257
ccabdd1e,__k619
ccc649c,__k1342
ccccda47,__k2454
ccd1e79f,__k258
ccdd201d,__k2782
cd0cd38b,__k30
cd1747bd,__k3419
cd1d14cb,__k3220
cd33b1ef,__k478
cd41ef9,__k182
cd65f7b,__k5330
cd8844c7,__k319
cd97797e,__k501
cdcaa72,__k1498
cdd1a2ba,__k2684
cddc14b9,__k120
cdea7b1,__k1163
ce3fdc48,__k679
ce4d64c,__k2097
ce72e3ae,__k361
cea1a698,__k859
ceb87c62,__k202
cef08dab,__k1536
cef63970,__k778
cf0aa5de,__k1043
cf1a46b2,__k422
cf1c43f1,__k339
cf345ee5,__k115
cf3dfb7d,__k1387
cf48bb63,__k980
cf4b7858,__k2466
cf6c702e,__k1623
cf7e0e41,__k559
cf7f2f50,__k1975
cf8e42be,__k714
cfa31b49,__k238
d004e599,__k418
d006e2d8,__k301
d0107f70,__k1193
d035d593,__k3844
d03add79,__k1156
d048d7d7,__k1503
d068ad28,__k561
d08593a9,__k2247
d0a68b7f,__k1402
d0cd95c6,__k1898
d12044a9,__k825
d1785917,__k294
d1790f72,__k1234
d180fbb9,__k5268
d181137,__k1099
d1b0bc50,__k3542
d1b8916e,__k3650
d1cad483,__k3071
d1ed2632,__k2288
d1fbaed9,__k605
d1fcac52,__k541
d238d2cd,__k2157
d2788ed5,__k876
d2807391,__k2571
d2840899,__k4595
d28570d,__k1527
d29a9d1d,__k2737
d2c775e8,__k1517
d2d81682,__k321
d2e02d2,__k787
d2f2e510,__k1096
d353f905,__k656
d3643edb,__k584
d36fd8b2,__k1003
d374f62e,__k2491
d38f1fba,__k2613
d3a8ad26,__k1920
d431e314,__k46
d446b73b,__k2977
d458c178,__k486
d45abeb7,__k391
d47d73bc,__k1423
d4867122,__k5357
d49c082d,__k3051
d4ae0aab,__k1543
d4c822de,__k1036
d4de1479,__k726
d4e24c6a,__k1278
d4e83b72,__k5937
d4f7139c,__k1863
d4fa675e,__k1494
d5231ee4,__k2637
d529ed2e,__k1656
d53cac50,__k1900
d549c27f,__k892
d5c78b9,__k4432
d5d29716,__k668
d5f0d74a,__k945
d5fe8914,__k2017
d6365ea5,__k753
d6596e6e,__k149
d65a6be7,__k409
d67a6b97,__k2304
d6e3407e,__k251
d6f2ec31,__k6184
d71e2c6a,__k39
d72e6daa,__k3229
d735d617,__k229
d7450ace,__k471
d760ea7b,__k1266
d7669640,__k648
d77e6dcd,__k3712
d7b26ef5,__k1794
d7dcccfe,__k1753
d7ed6d98,__k129
d7fc8905,__k1996
d808cb51,__k65
d8b8372e,__k1173
d8b934a7,__k1253
d8bee06c,__k693
d8bff18b,__k351
d8c9d541,__k209
d902ed5e,__k2222
d921bbdb,__k531
d92b9f91,__k429
d95ad3f8,__k2916
d95de256,__k2187
d990882f,__k1972
d99d9e5e,__k804
d9b47428,__k231
da163e78,__k411
da183bb7,__k306
da19be1d,__k94
da21d84f,__k1194
da29ff5d,__k3284
da41ada0,__k190
da683d10,__k4200
da6c0ba9,__k155
da7a0607,__k566
da9b9179,__k793
daaffde7,__k1068
daca0760,__k4420
dadeeea5,__k1893
daee136c,__k969
db11c837,__k1608
db487352,__k211
db604adf,__k3365
db8dd370,__k3450
dbaa3da2,__k431
dbc455d5,__k106
dbcdf26d,__k1390
dc1e7cf1,__k5884
dc41ffd2,__k1713
dc77b43d,__k2885
dc96d9c8,__k374
dcd8cec7,__k1510
dd043def,__k1091
dd1d6a02,__k1133
dd1e677b,__k1213
dd5b6e2e,__k703
dd813191,__k1008
dd906648,__k1632
dd9a49fe,__k1726
dde2fbe1,__k1668
de07923,__k3152
de433bf3,__k49
de50a726,__k1689
de52bf19,__k2258
de6a1a57,__k481
de6ccdf1,__k1570
de75b42e,__k1106
de8ba5c9,__k616
deed7019,__k836
df1850f8,__k2981
df2a940d,__k2720
df4e052f,__k1907
df680d72,__k314
df802866,__k138
df97fff3,__k3066
df9c4f31,__k281
dfc9d7c2,__k574
dfe3eff5,__k663
dfe50114,__k385
dfffcfa2,__k1076
e007b619,__k1413
e045ba45,__k843
e04a85d2,__k2381
e06199f2,__k1616
e0c1da04,__k51
e101a114,__k3087
e1142790,__k118
e12bff1d,__k3042
e13e019b,__k1550
e15819ce,__k1025
e1690e,__k1890
e18a5e4e,__k1483
e1962f53,__k922
e198ec48,__k2484
e1c0a102,__k743
e1cd9aa,__k1223
e1e19e2b,__k2586
e2300976,__k2697
e26d82db,__k261
e28e8004,__k2022
e2a06c5d,__k1318
e2cf4d2b,__k441
e2d07c8e,__k5911
e2d14a6a,__k358
e2e9655e,__k174
e2f3ff6f,__k1464
e2f4cb7c,__k4473
e30a6287,__k2331
e318eb2e,__k776
e33314ba,__k538
e35821c2,__k299
e3bb182,__k145
e3c5cd07,__k236
e3caefb,__k405
e3f37cb1,__k5509
e414cd64,__k958
e4279757,__k416
e453067f,__k197
e46762fd,__k906
e4848d2,__k1182
e4947dfb,__k2429
e498c241,__k76
e49e61b1,__k2311
e528949,__k3864
e54fe87b,__k346
e5729d80,__k1456
e592e44e,__k2231
e5b1b2cb,__k526
e5c37b3d,__k2135
e5cbcafe,__k633
e5df4b4c,__k1399
e60577c7,__k5846
e62d954e,__k813
e6446b18,__k244
e647a6e,__k1681
e64fa396,__k2792
e65358b1,__k1718
e6693102,__k1883
e67f5704,__k24
e6866017,__k1240
e6a63568,__k464
e6a7eb89,__k1039
e6a832a7,__k373
e6c9ea33,__k1345
e6d1a490,__k183
e709b5d9,__k1659
e709fcf7,__k513
e725dca4,__k1526
e72b8869,__k784
e73df798,__k1742
e7797911,__k2269
e78d576,__k2073
e8393719,__k146
e845ce69,__k1181
e8482869,__k3486
e86417f8,__k2251
e87d2957,__k1055
e8b72834,__k495
e8bb3edc,__k994
e900c637,__k728
e90f06a,__k2297
e9159ec2,__k224
e9918145,__k133
e99237a0,__k1799
e9ad60f2,__k1146
e9f81722,__k2271
ea17571c,__k2149
ea30fdd2,__k673
ea640538,__k367
ea92c822,__k853
eaeb92eb,__k1200
eb05ab1e,__k1115
eb0d657b,__k333
eb4f5a7a,__k1559
eb5d91b8,__k1625
eb67756e,__k1735
eb69284,__k2509
eb6f2fcb,__k553
eb7f6448,__k712
eb8947fe,__k646
eb9a29d,__k494
ebaa4527,__k2483
ebbdd1ca,__k84
ebce130a,__k3294
ebd41869,__k1844
ebeb124e,__k866
ec0763a,__k2451
ec7edbba,__k268
ecaf0d9a,__k2675
ecd6c254,__k590
ece0a60a,__k448
ed3c4712,__k2994
ed577064,__k2325
ed697aa1,__k292
ed84492f,__k1129
ed8a77ca,__k2055
edb93ab4,__k2905
ede6137f,__k1709
edeff735,__k1431
edfa33c0,__k4059
ee262643,__k957
ee49db0e,__k1670
ee5097f2,__k736
eeeaf34f,__k3307
eeef7477,__k5536
eefd79cb,__k276
ef5f441b,__k456
ef795c4e,__k163
ef7a12a9,__k1729
ef823e83,__k2102
ef82f8e6,__k1331
ef83f65f,__k1451
ef99ceb0,__k1926
efa8e21e,__k765
effd963f,__k1811
f031d7fe,__k1986
f0557cd9,__k1109
f055c3f7,__k243
f06e9546,__k1429
f08dd5,__k968
f0b78e47,__k463
f0db5a3b,__k5226
f0e2fd6f,__k184
f0e83526,__k1869
f0eb88e8,__k1492
f0ed8627,__k1165
f0f759ed,__k933
f11b0eb8,__k1650
f124f26e,__k1788
f13ae409,__k894
f14f5077,__k1745
f1770a84,__k2400
f17b8bac,__k4631
f18192b,__k225
f1919569,__k1831
f1be0cdb,__k1288
f1ce2145,__k4609
f1db902d,__k3738
f1e573e3,__k3000
f227802f,__k759
f23163e5,__k681
f231a728,__k5904
f2552a09,__k1471
f2572748,__k1188
f26f423c,__k1364
f27570d7,__k2256
f2ae5787,__k618
f2d46208,__k257
f30f4df4,__k37
f31021d7,__k838
f31f8f34,__k3227
f3362c58,__k477
f38356c3,__k3178
f399f3e7,__k500
f3cdee88,__k1755
f3de8f22,__k123
f3e6755,__k2728
f3e9f540,__k4406
f43f04ec,__k3999
f44256b1,__k678
f4755e17,__k360
f4a42101,__k858
f4aa5631,__k1255
f4b001f6,__k699
f4baf6cb,__k203
f4f8b3d9,__k779
f4fcebca,__k1209
f51cc11b,__k423
f52cf598,__k622
f536d94e,__k116
f54b35cc,__k987
f58cee8e,__k4048
f58ebfe8,__k802
f590bd27,__k715
f6095d41,__k300
f612f9d9,__k1192
f61495bf,__k2836
f66b2791,__k560
f69f2232,__k1775
f6df34f6,__k963
f6faa18b,__k5873
f722bf12,__k826
f743aa7c,__k5733
f7516c69,__k3363
f77b89db,__k1235
f795a20e,__k1120
f7fe2942,__k606
f7ff26bb,__k540
f853682a,__k2370
f87b093e,__k875
f8b1571,__k506
f8da90eb,__k320
f92fcfd3,__k2032
f936f00d,__k3095
f93fbae,__k130
f94b209,__k1798
f94c8fb8,__k705
f95891f6,__k1959
f96af48,__k1081
f972531b,__k1002
f9777097,__k2490
f9954f3e,__k1458
f9ab278f,__k1921
f9d41d6b,__k1662
fa345d7d,__k47
fa5b3be1,__k487
fa66d5b8,__k1100
faca9d47,__k1037
fadcc049,__k4072
fae08ee2,__k725
fae4c6d3,__k1279
faf67a,__k4981
faf98e05,__k1862
fafdb5b,__k1147
fb249bd4,__k2350
fb2850ef,__k1356
fb2c6797,__k1657
fb641475,__k3929
fba2ee48,__k1838
fbcda912,__k3669
fbcf65ba,__k1281
fbd5117f,__k669
fbf351b3,__k944
fc01037d,__k2016
fc29c5a0,__k1939
fc36dbcf,__k849
fc38d90e,__k750
fc5be8d7,__k148
fc6682e8,__k1478
fc6ada27,__k3488
fce5bae7,__k250
fd20a6d3,__k38
fd478537,__k470
fd493b58,__k1023
fd4f69f3,__k2177
fd6364e4,__k1261
fd6910a9,__k649
fd7b7fd8,__k1485
fda6ef00,__k1324
fdab05a8,__k1643
fdad1d9b,__k2216
fdb4e95e,__k1797
fdcadaf9,__k869
fdec9a,__k3135
fdefe801,__k128
fdff036e,__k1995
fe0b45ba,__k66
febab197,__k1172
febf1a2f,__k3471
fec15ad5,__k692
fec26bf4,__k356
feda86e8,__k172
fee520f9,__k1462
ff0a0cb8,__k770
ff1622fd,__k7266
ff243644,__k536
ff3e4e77,__k625
ff45336d,__k2773
ff5ec0d9,__k1822
ffa918b,__k2270
ffb6ee91,__k230
